[
{"fname": "Jerry",
"lname": "Seinfeld",
"character": "Jerry Seinfeld",
"age" : 68,
"salary": 500000,
"status": "perpetually single"
},
{"fname": "Jason",
"lname": "Alexander",
"character": "George Costanza",
"age": 63,
"salary":300000,
"status":"married"
},
{"fname": "Julia",
"lname": "Louis-Dreyfus",
"character" : "Elaine Benes",
"age": 62,
"salary": 400000,
"status": "single"
},
{"fname" : "Michael",
"lname": "Richards",
"character": "Cosmo Kramer",
"age" : 73,
"salary":400000,
"status": "divorced"
},
{"fname":"Wayne",
"lname":"Knight",
"character":"Newman",
"age":68,
"salary":350000,
"status":"single"
},
{"fname" : "Jerry",
"lname": "Stiller",
"character": "Frank Costanza",
"age": 96,
"salary": 40000,
"status": "married"
}
]